ID,createdAt,createdBy,modifiedAt,modifiedBy,title
94c4ca71-e27c-46fb-8b29-0091333f481b,Tue Aug 25 2026 11:02:32 GMT-0300 (Argentina Standard Time),Grant.Fisher,Mon Dec 15 2025 13:39:15 GMT-0300 (Argentina Standard Time),Carolanne18,"I'll hack the redundant SMTP system, that should system the FTP application!"
73807bda-3b83-47f9-a3dd-3d8d13303a0a,Sun Jul 26 2026 19:53:58 GMT-0300 (Argentina Standard Time),Ruthe30,Tue Aug 19 2025 02:13:04 GMT-0300 (Argentina Standard Time),Rosetta40,"If we program the hard drive, we can get to the DRAM transmitter through the solid state SQL alarm!"
90197009-92a0-4849-b489-0e613a1e22b2,Sun Dec 06 2026 08:09:54 GMT-0300 (Argentina Standard Time),Eleazar_Cartwright49,Mon Dec 15 2025 23:10:08 GMT-0300 (Argentina Standard Time),Forrest60,"Use the solid state THX bandwidth, then you can quantify the wireless sensor!"
e38d8b32-d0b3-4820-851b-f1bc72e63d8a,Mon Dec 14 2026 09:26:32 GMT-0300 (Argentina Standard Time),Annalise99,Sun Apr 26 2026 05:49:05 GMT-0300 (Argentina Standard Time),Treva93,We need to back up the cross-platform VGA application!
5e1143c3-c220-4cae-8bb2-49b2d009597b,Sat Aug 15 2026 05:15:22 GMT-0300 (Argentina Standard Time),Guy.Bergnaum,Sat May 16 2026 23:48:45 GMT-0300 (Argentina Standard Time),Beverly15,"I'll back up the wireless ADP bus, that should bus the RAM port!"
f96f1d82-c65e-485f-a2de-12df85bab722,Sat Apr 03 2027 10:36:28 GMT-0300 (Argentina Standard Time),Stephon0,Sun Mar 29 2026 13:22:26 GMT-0300 (Argentina Standard Time),Bill51,"If we hack the feed, we can get to the COM feed through the redundant ADP bus!"
39ff17f5-2e1d-4a11-8a8a-ec19ebd304bd,Tue Aug 26 2025 09:07:53 GMT-0300 (Argentina Standard Time),Angel.Schmeler58,Thu Jul 10 2025 21:15:10 GMT-0300 (Argentina Standard Time),Leland98,You can't bypass the application without indexing the multi-byte VGA panel!
8b2cd8fd-c417-43ee-a88a-8e66164302de,Sat Aug 15 2026 14:52:33 GMT-0300 (Argentina Standard Time),Luz94,Thu Oct 02 2025 06:29:01 GMT-0300 (Argentina Standard Time),Tad.Cassin,"I'll back up the haptic OCR monitor, that should alarm the GB circuit!"
4bfa7a5c-26af-4ab3-a3fb-63042a32038a,Sat Dec 19 2026 04:04:52 GMT-0300 (Argentina Standard Time),Alexandria.Trantow87,Tue Jan 13 2026 06:31:37 GMT-0300 (Argentina Standard Time),Sibyl.Wilkinson,We need to compress the open-source XML bus!
db0c9eca-6b3c-4bc5-8eb1-57f2dc6fd2ed,Sat Jan 24 2026 08:06:34 GMT-0300 (Argentina Standard Time),Triston.OKeefe,Thu Mar 26 2026 01:03:13 GMT-0300 (Argentina Standard Time),Sarai48,You can't reboot the matrix without generating the back-end COM panel!
16ffa8b2-dcee-4978-a7ca-6fa5a4a3637d,Fri Jun 11 2027 00:51:48 GMT-0300 (Argentina Standard Time),Caesar1,Thu Jun 25 2026 09:16:17 GMT-0300 (Argentina Standard Time),Dell.Maggio,"If we hack the microchip, we can get to the CLI transmitter through the 1080p TLS circuit!"
3782b0cd-bfa7-4da2-8d3b-d5bc3a1845ee,Sat Aug 30 2025 10:25:56 GMT-0300 (Argentina Standard Time),Magnus90,Thu Mar 05 2026 06:12:47 GMT-0300 (Argentina Standard Time),Kaycee75,"If we input the bandwidth, we can get to the XSS alarm through the bluetooth ADP bandwidth!"
9dcf37dc-8c2c-4f64-ad34-c920150c1cc9,Sat May 16 2026 16:59:54 GMT-0300 (Argentina Standard Time),Jean90,Fri Feb 20 2026 15:43:08 GMT-0300 (Argentina Standard Time),Neal46,"I'll hack the wireless JSON protocol, that should capacitor the UTF8 interface!"
f14719dc-0c1f-4b13-98d6-ecace18d93d8,Thu Feb 18 2027 22:58:17 GMT-0300 (Argentina Standard Time),Bernardo_Harber61,Thu Jul 17 2025 06:51:28 GMT-0300 (Argentina Standard Time),Conrad63,We need to navigate the virtual RAM matrix!
7521d869-e313-46d8-bdac-fbd460016b0f,Thu Nov 20 2025 20:52:09 GMT-0300 (Argentina Standard Time),Candelario46,Fri Oct 30 2026 10:53:40 GMT-0300 (Argentina Standard Time),Oswaldo.Wyman,"The SMS transmitter is down, index the cross-platform circuit so we can input the RSS application!"
b85897ba-b8e7-4730-b1de-5c2b3ad9dd31,Sat Nov 15 2025 07:08:40 GMT-0300 (Argentina Standard Time),Roger_Stamm43,Tue Apr 13 2027 12:06:54 GMT-0300 (Argentina Standard Time),Asia.Lubowitz72,"I'll back up the optical SSD array, that should pixel the SMS firewall!"
e2e6b2bf-8769-4a3a-a345-15cecc10d233,Thu Sep 25 2025 08:28:47 GMT-0300 (Argentina Standard Time),Kendrick.Green15,Tue Sep 22 2026 21:42:34 GMT-0300 (Argentina Standard Time),Luna29,"indexing the monitor won't do anything, we need to hack the redundant COM alarm!"
c8c9268c-242a-470e-87a5-c8d1f9acc421,Mon Jul 06 2026 22:31:30 GMT-0300 (Argentina Standard Time),Gaetano.Wunsch,Sun Jan 24 2027 20:00:53 GMT-0300 (Argentina Standard Time),Naomie24,"Try to calculate the USB firewall, maybe it will index the virtual bandwidth!"
971d2bb5-dd90-4f60-9ad9-c5c90fb03b71,Sun Apr 04 2027 23:01:56 GMT-0300 (Argentina Standard Time),Jamal96,Mon Oct 13 2025 04:26:33 GMT-0300 (Argentina Standard Time),Monroe.Miller,"Try to parse the XML alarm, maybe it will program the open-source program!"
a9c17584-0a6f-4f15-b58a-10e7aac8cff9,Wed Apr 14 2027 08:16:47 GMT-0300 (Argentina Standard Time),Lilian_Boehm,Sat May 22 2027 19:26:51 GMT-0300 (Argentina Standard Time),Dee11,"indexing the microchip won't do anything, we need to copy the wireless SMTP circuit!"
55ab5ad2-4a3d-489c-a254-b5c9cd32c95b,Fri Oct 24 2025 21:48:28 GMT-0300 (Argentina Standard Time),Alfonso.Rau98,Tue Jun 16 2026 12:52:47 GMT-0300 (Argentina Standard Time),Waino99,"Use the cross-platform HEX bus, then you can connect the solid state bandwidth!"
825f3c1b-5ea5-4dc9-827f-ef464691dbf0,Wed Aug 20 2025 08:04:37 GMT-0300 (Argentina Standard Time),Emma_Prosacco33,Mon Jan 18 2027 03:51:53 GMT-0300 (Argentina Standard Time),Rahul29,"overriding the program won't do anything, we need to hack the cross-platform XML panel!"
f1a71e0c-c41d-48db-a52b-f3fb78942ffb,Tue Aug 19 2025 05:28:04 GMT-0300 (Argentina Standard Time),Felicita63,Tue Jul 15 2025 17:45:36 GMT-0300 (Argentina Standard Time),Jolie.Collier,We need to index the bluetooth USB hard drive!
4db997f8-f6df-4a22-9763-7130ed903aa6,Sun Jan 31 2027 21:01:11 GMT-0300 (Argentina Standard Time),Orrin.Ryan,Thu Apr 16 2026 19:15:46 GMT-0300 (Argentina Standard Time),Dewayne_Willms4,We need to back up the multi-byte JBOD array!
107ffcf4-2134-4681-b7f0-6aa7bf23a52d,Fri Aug 29 2025 19:00:46 GMT-0300 (Argentina Standard Time),Lemuel_Pouros57,Tue Mar 24 2026 02:32:57 GMT-0300 (Argentina Standard Time),Derek.Torp,"The IB capacitor is down, index the 1080p program so we can back up the JSON matrix!"
1c313424-a2b2-47a9-b007-f6b75bce7aed,Mon Mar 02 2026 08:10:00 GMT-0300 (Argentina Standard Time),Trudie.Tillman,Mon May 04 2026 21:01:32 GMT-0300 (Argentina Standard Time),Kadin_Bergnaum,"If we navigate the alarm, we can get to the SSD monitor through the 1080p JBOD protocol!"
8b9db11d-2ca5-4deb-ae2c-7161e190e875,Sat Apr 17 2027 13:01:43 GMT-0300 (Argentina Standard Time),Jena78,Sat Feb 21 2026 21:17:07 GMT-0300 (Argentina Standard Time),Verna80,We need to transmit the multi-byte SMTP card!
7e23bbe6-1558-4080-a583-6ba05c8f2e65,Sat Apr 24 2027 16:32:46 GMT-0300 (Argentina Standard Time),Guadalupe63,Tue Oct 28 2025 16:16:22 GMT-0300 (Argentina Standard Time),Demarcus64,"The SQL microchip is down, transmit the bluetooth transmitter so we can calculate the IB protocol!"
726322c7-b178-4243-99cf-604a833c13b5,Tue Aug 11 2026 15:51:54 GMT-0300 (Argentina Standard Time),Ciara.Collier29,Mon Feb 23 2026 15:21:52 GMT-0300 (Argentina Standard Time),Wyman.Hahn,You can't navigate the protocol without transmitting the virtual SCSI protocol!
be69100b-7692-471d-a530-531f31beffbf,Thu Feb 11 2027 00:21:21 GMT-0300 (Argentina Standard Time),Gabriella49,Tue May 04 2027 03:18:42 GMT-0300 (Argentina Standard Time),Olin_Steuber,"I'll connect the multi-byte RSS system, that should microchip the COM circuit!"
bb2f03be-cf0f-4849-890f-b611e7a2ce1f,Wed May 19 2027 13:29:54 GMT-0300 (Argentina Standard Time),Marina_Hills35,Tue Nov 03 2026 03:38:15 GMT-0300 (Argentina Standard Time),Vivian.Hilpert8,You can't synthesize the system without calculating the solid state UTF8 card!
08f17dd6-9964-4257-ac3e-a62b931d8df0,Sat May 22 2027 18:55:12 GMT-0300 (Argentina Standard Time),Rosa83,Fri Sep 05 2025 00:28:30 GMT-0300 (Argentina Standard Time),Kathryn9,"If we navigate the transmitter, we can get to the PCI array through the auxiliary GB protocol!"
449195e8-3efb-432e-8ad4-945b2ffccef7,Sun Dec 28 2025 10:11:49 GMT-0300 (Argentina Standard Time),Eduardo_Bogisich,Wed Dec 09 2026 22:10:08 GMT-0300 (Argentina Standard Time),Dorcas92,"Try to synthesize the PNG port, maybe it will synthesize the haptic array!"
0cc0fae2-c672-4bec-ab10-08787e929cb7,Thu Aug 21 2025 04:21:52 GMT-0300 (Argentina Standard Time),Selmer.OConner,Sat Jan 23 2027 13:56:56 GMT-0300 (Argentina Standard Time),Berta_Hagenes,"quantifying the capacitor won't do anything, we need to override the redundant TCP firewall!"
f92cf667-7326-4d11-ab7d-be47a85f0a90,Sun Apr 05 2026 06:40:18 GMT-0300 (Argentina Standard Time),Melyssa.Bernhard,Mon Dec 07 2026 15:09:57 GMT-0300 (Argentina Standard Time),Lilian92,You can't override the hard drive without indexing the redundant RAM protocol!
6783f411-d311-452e-aa37-0bb35a12c19a,Fri Dec 18 2026 06:00:24 GMT-0300 (Argentina Standard Time),Shanna84,Fri Jan 15 2027 13:26:42 GMT-0300 (Argentina Standard Time),Bill.Robel,"If we reboot the feed, we can get to the SSD feed through the online USB array!"
2cbc6aa9-d0d1-48f0-838a-651704a237b7,Wed Sep 03 2025 13:52:23 GMT-0300 (Argentina Standard Time),Shanie.Barrows91,Tue Aug 18 2026 01:44:37 GMT-0300 (Argentina Standard Time),Jacques32,"If we transmit the driver, we can get to the IP application through the wireless ADP pixel!"
acf2d3fa-82f0-4472-ae5e-22627f5b7076,Mon Aug 25 2025 16:47:49 GMT-0300 (Argentina Standard Time),Nikolas27,Mon May 10 2027 22:51:35 GMT-0300 (Argentina Standard Time),Ted.Johns,"Use the redundant ASCII sensor, then you can transmit the mobile bus!"
de59790f-bbe8-4263-bd06-e7a39c2a3b65,Wed Oct 29 2025 14:43:50 GMT-0300 (Argentina Standard Time),Lura_Mosciski,Sun Jul 13 2025 07:17:20 GMT-0300 (Argentina Standard Time),Nash.Carter10,"If we index the panel, we can get to the PCI panel through the redundant GB microchip!"
1b2299c4-a87e-4b19-a2ee-fb352ff886a7,Sun Oct 12 2025 17:45:31 GMT-0300 (Argentina Standard Time),Richmond83,Mon Sep 07 2026 02:57:26 GMT-0300 (Argentina Standard Time),Kaleb.Kirlin,You can't synthesize the hard drive without backing up the primary TCP system!
945666b6-4160-4e8a-b3a3-2372ef57df6d,Thu Aug 07 2025 14:53:11 GMT-0300 (Argentina Standard Time),Monroe.Ritchie91,Sat Aug 22 2026 06:02:34 GMT-0300 (Argentina Standard Time),Trey35,"I'll calculate the haptic DRAM protocol, that should microchip the SQL circuit!"
bdefe1c2-0475-4bd0-99a8-65fd02da1c55,Wed Mar 18 2026 05:29:32 GMT-0300 (Argentina Standard Time),Berenice_Zboncak,Sun Apr 26 2026 19:35:59 GMT-0300 (Argentina Standard Time),Melyssa92,"I'll transmit the bluetooth COM firewall, that should feed the OCR bus!"
370dcfa6-33e8-46cb-8c89-96f16c0cb7c5,Fri Oct 16 2026 16:26:37 GMT-0300 (Argentina Standard Time),Tara.Bergnaum40,Sun Sep 07 2025 18:58:54 GMT-0300 (Argentina Standard Time),Leopold60,"I'll copy the bluetooth AGP interface, that should alarm the UDP program!"
08c3a315-caba-4302-9240-d1dba1feadc3,Sun Oct 19 2025 18:59:43 GMT-0300 (Argentina Standard Time),Laurel.Nicolas,Sat Jan 16 2027 20:29:03 GMT-0300 (Argentina Standard Time),Arjun16,"hacking the bandwidth won't do anything, we need to synthesize the solid state TCP monitor!"
a5309c9b-2d4f-4904-8469-0668871281ca,Wed Jul 15 2026 09:22:36 GMT-0300 (Argentina Standard Time),Ciara.Hintz41,Sat Jun 20 2026 17:11:12 GMT-0300 (Argentina Standard Time),Sammy6,You can't transmit the matrix without backing up the auxiliary DRAM sensor!
7db80678-187e-4b50-b960-d2a725519a05,Mon Oct 20 2025 22:27:26 GMT-0300 (Argentina Standard Time),Vena.Terry89,Sat Apr 03 2027 00:09:53 GMT-0300 (Argentina Standard Time),Zelda93,"The COM application is down, connect the neural array so we can copy the FTP transmitter!"
da054dbe-fed8-4519-85fe-49b69491f230,Tue May 12 2026 01:48:51 GMT-0300 (Argentina Standard Time),Dorthy_Mraz69,Fri Jan 29 2027 21:05:18 GMT-0300 (Argentina Standard Time),River42,"I'll quantify the haptic HEX protocol, that should firewall the SAS bus!"
b1188597-40ab-40e6-9556-4d140a6af8a3,Wed Mar 04 2026 12:55:45 GMT-0300 (Argentina Standard Time),Ruby.Kessler,Fri Jun 19 2026 08:52:46 GMT-0300 (Argentina Standard Time),Petra52,"If we connect the system, we can get to the DNS sensor through the virtual TLS bus!"
1b8ceeb6-42bd-416d-aa97-0897dc03e4f2,Fri Nov 14 2025 12:55:12 GMT-0300 (Argentina Standard Time),Beulah_Gutkowski29,Tue Jun 08 2027 16:57:29 GMT-0300 (Argentina Standard Time),Zackary.Dare,"The UDP program is down, program the digital protocol so we can back up the SMTP capacitor!"
935a16e6-fc3a-4709-83fe-caa1025df9ba,Sun Jul 13 2025 08:49:33 GMT-0300 (Argentina Standard Time),Sage83,Mon Jan 25 2027 00:27:28 GMT-0300 (Argentina Standard Time),Sandrine66,"Use the open-source IB interface, then you can calculate the multi-byte pixel!"