ID,createdAt,createdBy,modifiedAt,modifiedBy,name
8a87e12a-b6f6-47f4-92f3-6ef725271695,Mon Aug 11 2025 11:38:39 GMT-0300 (Argentina Standard Time),Elfrieda_Schmidt,Mon Dec 15 2025 16:30:54 GMT-0300 (Argentina Standard Time),Billie88,Wilbert Gutkowski
ee49e8c9-6db0-4263-978c-8cb6536803b1,Sun Mar 07 2027 03:32:58 GMT-0300 (Argentina Standard Time),Assunta37,Fri Apr 03 2026 15:08:49 GMT-0300 (Argentina Standard Time),Ayden.Heidenreich,Shannon Hodkiewicz
ad84e611-dcfc-4294-9ae8-f39f4916df3d,Wed Oct 21 2026 08:32:49 GMT-0300 (Argentina Standard Time),Markus4,Mon Jan 12 2026 09:03:47 GMT-0300 (Argentina Standard Time),Don.Kuphal93,Kelly Treutel
aabfea04-c86d-42c1-a982-c7380b21c538,Fri May 08 2026 15:05:24 GMT-0300 (Argentina Standard Time),Eve_Kiehn26,Wed Jul 01 2026 10:32:48 GMT-0300 (Argentina Standard Time),Misael.Veum,Gina Dibbert-Towne
099fa894-1562-46ef-931a-aefe92d7547c,Wed Oct 07 2026 09:56:16 GMT-0300 (Argentina Standard Time),Orlo_Rice,Sat Apr 18 2026 11:06:34 GMT-0300 (Argentina Standard Time),Queenie_Shields65,Leroy Kling-Miller
9c1d95a5-7a79-449e-9fff-df8dd5090eca,Mon Jan 11 2027 20:08:13 GMT-0300 (Argentina Standard Time),Sidney_Ledner2,Tue Feb 02 2027 09:42:04 GMT-0300 (Argentina Standard Time),Martin.Senger72,Dr. Sandra Abernathy
8576091c-2ed7-4942-8532-5d41f8ab8679,Tue Jul 08 2025 09:41:52 GMT-0300 (Argentina Standard Time),Candelario4,Fri Jan 23 2026 03:27:44 GMT-0300 (Argentina Standard Time),Heber_Carter52,Sadie Kub
91f67c5d-2e8c-4887-96b8-6761db266f73,Wed Dec 03 2025 01:32:10 GMT-0300 (Argentina Standard Time),Violette.Pollich-Howell18,Fri Mar 26 2027 15:07:08 GMT-0300 (Argentina Standard Time),Miguel_Metz8,Lois Denesik
6abb68aa-cb23-4116-8508-e90afe2606cc,Sun Oct 11 2026 05:27:53 GMT-0300 (Argentina Standard Time),Jessie11,Tue Sep 01 2026 15:32:51 GMT-0300 (Argentina Standard Time),Bryana99,Kelli Ziemann
9b62ff1f-0375-4ed2-9ac3-55f11f5d4dd2,Sun Feb 14 2027 10:19:32 GMT-0300 (Argentina Standard Time),Bonnie.Lebsack-Walter58,Thu Jun 24 2027 04:14:15 GMT-0300 (Argentina Standard Time),Nola_Brown25,Miss Lori Kuvalis
8e10848a-9db5-4f41-bf09-ef5015fafe11,Wed Sep 16 2026 20:12:58 GMT-0300 (Argentina Standard Time),Percy_Kuhn,Wed Jun 30 2027 06:47:55 GMT-0300 (Argentina Standard Time),Sophie55,Joe Schuppe
82b60794-5028-4b57-b6ad-02b10994f45d,Sat Oct 31 2026 11:25:32 GMT-0300 (Argentina Standard Time),Eulalia43,Thu Jun 17 2027 16:39:12 GMT-0300 (Argentina Standard Time),Dessie.Treutel,Toby Turner
39d9f751-3bb0-413d-b5e1-8349d56b2125,Tue Dec 01 2026 23:58:49 GMT-0300 (Argentina Standard Time),August_Roob9,Wed May 27 2026 05:01:23 GMT-0300 (Argentina Standard Time),Dina.Franecki48,Wm Doyle
d9c7cdc4-b56c-4bb3-90ec-f03a97314f35,Wed Nov 05 2025 19:06:19 GMT-0300 (Argentina Standard Time),Rachael73,Tue Mar 31 2026 00:11:33 GMT-0300 (Argentina Standard Time),Brennan_Robel,Beatrice Ratke
1cd356d9-6404-4288-822b-bd04830f0371,Tue Oct 14 2025 01:44:32 GMT-0300 (Argentina Standard Time),Keeley.Sanford,Fri Apr 23 2027 08:29:15 GMT-0300 (Argentina Standard Time),Myrtie_Langosh69,Judy Vandervort
552493a2-bbd9-4ada-a6e3-639bd2649c96,Thu Feb 11 2027 18:56:47 GMT-0300 (Argentina Standard Time),Earl.Hagenes48,Sat Jan 10 2026 17:48:08 GMT-0300 (Argentina Standard Time),Savannah50,Jacqueline Jast
bbd581e8-6615-49f3-9f70-101c8f661e6d,Mon Aug 18 2025 21:39:15 GMT-0300 (Argentina Standard Time),Leola.Cremin,Thu Nov 06 2025 22:36:17 GMT-0300 (Argentina Standard Time),Fletcher_Smitham37,Megan Klocko-Runte Jr.
d7aeb3a6-e87c-47e5-b364-00d5815df503,Wed May 06 2026 02:38:41 GMT-0300 (Argentina Standard Time),Felicity.Runolfsdottir48,Sat Dec 06 2025 20:38:26 GMT-0300 (Argentina Standard Time),Naomie18,Felicia Konopelski
fdb62281-d235-4c9a-a70d-387e527db1d4,Sun Apr 05 2026 00:01:51 GMT-0300 (Argentina Standard Time),Andrew_Sipes38,Sat Mar 21 2026 16:24:53 GMT-0300 (Argentina Standard Time),Mylene1,Juan Feest
72527923-4401-42f5-9582-4813aec3d051,Mon Jun 29 2026 01:20:28 GMT-0300 (Argentina Standard Time),Eva_Ziemann9,Mon Aug 04 2025 08:17:55 GMT-0300 (Argentina Standard Time),Hyman.Beer39,Raymond Berge
ab46db2a-f181-41c9-9479-80d06a0ecf83,Wed Feb 18 2026 23:22:28 GMT-0300 (Argentina Standard Time),Horace.Crooks63,Mon Dec 21 2026 15:27:28 GMT-0300 (Argentina Standard Time),Lincoln27,Edna Lynch
bbd5fb2d-ee3c-4d76-ae4a-b8f56045c31b,Mon Jan 11 2027 20:46:23 GMT-0300 (Argentina Standard Time),Frances79,Fri Mar 12 2027 06:57:53 GMT-0300 (Argentina Standard Time),Koby.Willms77,Mr. Gustavo Kilback
33868309-9027-4023-b4a2-5eeaf2c47719,Tue May 12 2026 07:50:08 GMT-0300 (Argentina Standard Time),Raven_Shields,Wed Jul 23 2025 13:58:12 GMT-0300 (Argentina Standard Time),Eliza_Anderson,Bill Reichel
eb2cfc7c-78ee-4942-af40-d5dd52a7dba9,Fri Aug 08 2025 06:33:38 GMT-0300 (Argentina Standard Time),Tanner_Abshire,Sat Sep 27 2025 12:13:44 GMT-0300 (Argentina Standard Time),Marlin2,Justin Considine
3a64a4b9-9387-4752-a6d4-bf175f22c231,Sat Mar 14 2026 18:18:35 GMT-0300 (Argentina Standard Time),Calista.Considine38,Tue Feb 23 2027 16:20:39 GMT-0300 (Argentina Standard Time),Shawna.Dibbert,Brendan Hudson
f3e8ffba-971a-4ec4-b254-27e8a8bb99b4,Sat May 29 2027 05:38:28 GMT-0300 (Argentina Standard Time),Chloe12,Sat Oct 10 2026 14:34:36 GMT-0300 (Argentina Standard Time),Norberto27,Troy Mohr
50e51d1a-4ed3-4306-8882-992d98197304,Sun Jan 17 2027 07:11:49 GMT-0300 (Argentina Standard Time),Boris.Grant33,Tue Oct 07 2025 18:55:29 GMT-0300 (Argentina Standard Time),Clarabelle.Kerluke,Dominick Schaefer
152a5fe8-bbfa-4799-970c-9517bad7e973,Sun Apr 18 2027 02:44:58 GMT-0300 (Argentina Standard Time),Emil81,Thu Jul 02 2026 07:18:02 GMT-0300 (Argentina Standard Time),Jerry.Rice,Candice Dach
c8b2cfed-c249-4a7c-9830-6c760407e069,Fri Jan 08 2027 01:54:07 GMT-0300 (Argentina Standard Time),Grayson31,Mon Jan 18 2027 14:45:01 GMT-0300 (Argentina Standard Time),Kaylie.Waters,Kenneth Reynolds-Hettinger
8001b0c3-8073-4b01-9267-97d729efafb5,Wed Nov 04 2026 15:13:26 GMT-0300 (Argentina Standard Time),Eric88,Thu Apr 15 2027 04:53:31 GMT-0300 (Argentina Standard Time),Darren_Sawayn4,Celia Luettgen
c276f431-affc-4528-ac12-a739fa29fdf3,Thu Feb 04 2027 08:44:06 GMT-0300 (Argentina Standard Time),Lillian.Bode66,Mon Mar 15 2027 00:32:01 GMT-0300 (Argentina Standard Time),Birdie.Cassin,Dolores Haag
ea8b08d2-f1ab-427a-bc51-1f32a25ab485,Wed Sep 23 2026 13:37:10 GMT-0300 (Argentina Standard Time),Eloise.Bergnaum,Mon Mar 01 2027 02:32:31 GMT-0300 (Argentina Standard Time),Donna_Barton2,Jim Reilly
b68e2ba6-f1d2-494a-8aca-33516fbb26fe,Sun Jun 28 2026 10:59:41 GMT-0300 (Argentina Standard Time),Mckayla.Corkery,Sat Aug 15 2026 18:53:20 GMT-0300 (Argentina Standard Time),Dayton13,Jessie Koss V
acb45640-8a46-45e9-84f0-50995bc68115,Sat Mar 06 2027 09:52:28 GMT-0300 (Argentina Standard Time),Wilton12,Thu Aug 28 2025 02:11:42 GMT-0300 (Argentina Standard Time),Domenic.Bode30,Olivia Leuschke
b44eee46-c97c-4c7e-a0ed-c622b7080007,Sat Oct 24 2026 22:54:01 GMT-0300 (Argentina Standard Time),Rodolfo43,Sun Feb 21 2027 18:13:20 GMT-0300 (Argentina Standard Time),Fabiola17,Juanita Botsford
fba598c0-3f5f-481f-9b89-8b36e8bef799,Sat Nov 15 2025 12:42:12 GMT-0300 (Argentina Standard Time),Rollin_Fadel63,Sat Nov 29 2025 18:29:13 GMT-0300 (Argentina Standard Time),Ezekiel10,Lindsey Torphy
13f5b055-15a0-45bb-bf4b-bd528cd78c70,Tue Jul 28 2026 05:30:38 GMT-0300 (Argentina Standard Time),Reuben.Hamill12,Fri Aug 21 2026 22:20:03 GMT-0300 (Argentina Standard Time),Angela77,Shawn Stiedemann
46eff549-f549-4b68-b36d-3d0e084cfcbc,Mon Dec 21 2026 03:08:50 GMT-0300 (Argentina Standard Time),Arno2,Fri Feb 13 2026 07:02:57 GMT-0300 (Argentina Standard Time),Doug.Reynolds,Denise Muller
c3a49a31-3a92-4541-a50d-1e76e593b5c8,Thu Oct 08 2026 23:16:10 GMT-0300 (Argentina Standard Time),Naomie98,Sat Mar 13 2027 16:07:50 GMT-0300 (Argentina Standard Time),Rahsaan_Hills,Rene Gutmann
e20e6c52-1c2d-4b8d-a6ea-a6d4de8e67b8,Tue Apr 06 2027 19:42:00 GMT-0300 (Argentina Standard Time),Elmer26,Mon May 24 2027 20:05:48 GMT-0300 (Argentina Standard Time),Timothy_Klein,Mabel Schmeler
95cc04dd-aa8f-4f4a-b13b-6f86351f1fbd,Thu Oct 01 2026 12:39:06 GMT-0300 (Argentina Standard Time),Joel.Kub,Mon Mar 30 2026 22:05:48 GMT-0300 (Argentina Standard Time),Jailyn73,Lionel Corkery
2d55f7e7-df3a-40b9-b2d2-c255271025f0,Fri Aug 28 2026 10:08:11 GMT-0300 (Argentina Standard Time),Willard.Casper,Sun Oct 19 2025 18:27:03 GMT-0300 (Argentina Standard Time),Kurt64,Elaine Bartoletti DDS
f079be6e-9b8e-4100-843a-6f3ad7a52dce,Sat Sep 26 2026 18:31:10 GMT-0300 (Argentina Standard Time),Brayan_Jast8,Sat Oct 17 2026 10:21:38 GMT-0300 (Argentina Standard Time),Earlene.Macejkovic47,Carroll Green
8ef52427-5408-445a-b49f-cb49c2c49ed0,Mon Feb 08 2027 20:32:39 GMT-0300 (Argentina Standard Time),Tanner.Dickens,Mon May 17 2027 01:56:43 GMT-0300 (Argentina Standard Time),Odell77,Eleanor Hansen
f005e86d-29af-4c75-9d27-fc4edf7557c8,Wed Aug 12 2026 06:12:20 GMT-0300 (Argentina Standard Time),Ludie.Brown,Sun Aug 03 2025 08:00:48 GMT-0300 (Argentina Standard Time),Cynthia20,Duane Crona
5572afbc-424d-498d-abbb-7cbb700f0039,Sun Dec 14 2025 09:33:22 GMT-0300 (Argentina Standard Time),Nikki.Shields,Mon Oct 12 2026 00:03:53 GMT-0300 (Argentina Standard Time),Dimitri.Zulauf65,Paula Bayer
3e68feda-c4bb-4687-b059-807d64b73faa,Sat Dec 12 2026 08:43:10 GMT-0300 (Argentina Standard Time),Devyn_Wiegand26,Mon Dec 07 2026 02:56:38 GMT-0300 (Argentina Standard Time),Meggie26,Eula Jacobi
0b3107e5-76be-4d39-8a32-49a0207bd752,Thu Feb 18 2027 21:25:05 GMT-0300 (Argentina Standard Time),Thaddeus17,Tue Dec 01 2026 23:44:17 GMT-0300 (Argentina Standard Time),Evie75,Franklin Corwin
c49d2d84-6daf-4d1f-90dc-26dcf6654b55,Tue Oct 21 2025 14:53:10 GMT-0300 (Argentina Standard Time),Leta.Ernser38,Sat Sep 12 2026 08:35:10 GMT-0300 (Argentina Standard Time),Arden20,Anthony Nikolaus
ccf77455-c704-41be-9ff5-5efc7fcd6196,Wed May 05 2027 18:06:24 GMT-0300 (Argentina Standard Time),Rafaela40,Sat Apr 25 2026 22:00:42 GMT-0300 (Argentina Standard Time),Geovanny.Rodriguez85,Mr. Ivan Hessel